<?xml version="1.0"?>
<!DOCTYPE hibernate-mapping PUBLIC "-//Hibernate/Hibernate Mapping DTD 3.0//EN"
"http://www.hibernate.org/dtd/hibernate-mapping-3.0.dtd">
<!-- Generated Apr 5, 2019 9:58:49 AM by Hibernate Tools 4.3.1 -->
<hibernate-mapping>
    <class name="model.Chitiethoadon" table="chitiethoadon" catalog="quan_ly_tui_xach" optimistic-lock="version">
        <id name="id" type="java.lang.Integer">
            <column name="ID" />
            <generator class="identity" />
        </id>
        <many-to-one name="hoadon" class="model.Hoadon" fetch="select">
            <column name="mahoadon" length="10" not-null="true" unique="true" />
        </many-to-one>
        <many-to-one name="tuixach" class="model.Tuixach" fetch="select">
            <column name="matuixach" length="10" not-null="true" unique="true" />
        </many-to-one>
        <property name="soluong" type="int">
            <column name="soluong" not-null="true" />
        </property>
    </class>
</hibernate-mapping>
