<?xml version="1.0"?>
<!DOCTYPE hibernate-mapping PUBLIC "-//Hibernate/Hibernate Mapping DTD 3.0//EN"
"http://www.hibernate.org/dtd/hibernate-mapping-3.0.dtd">
<!-- Generated Apr 5, 2019 9:58:49 AM by Hibernate Tools 4.3.1 -->
<hibernate-mapping>
    <class name="model.Giohang" table="giohang" catalog="quan_ly_tui_xach" optimistic-lock="version">
        <id name="magiohang" type="string">
            <column name="magiohang" length="10" />
            <generator class="assigned" />
        </id>
        <many-to-one name="khachhang" class="model.Khachhang" fetch="select">
            <column name="sdt" length="10" not-null="true" />
        </many-to-one>
        <many-to-one name="tuixach" class="model.Tuixach" fetch="select">
            <column name="matuixach" length="10" not-null="true" />
        </many-to-one>
        <property name="soluong" type="int">
            <column name="soluong" not-null="true" />
        </property>
        <property name="trangthai" type="boolean">
            <column name="trangthai" not-null="true" />
        </property>
        <one-to-one name="hoadon" class="model.Hoadon"></one-to-one>
    </class>
</hibernate-mapping>
