<?xml version="1.0"?>
<!DOCTYPE hibernate-mapping PUBLIC "-//Hibernate/Hibernate Mapping DTD 3.0//EN"
"http://www.hibernate.org/dtd/hibernate-mapping-3.0.dtd">
<!-- Generated Apr 5, 2019 9:58:49 AM by Hibernate Tools 4.3.1 -->
<hibernate-mapping>
    <class name="model.Hoadon" table="hoadon" catalog="quan_ly_tui_xach" optimistic-lock="version">
        <id name="mahoadon" type="string">
            <column name="mahoadon" length="10" />
            <generator class="foreign">
                <param name="property">giohang</param>
            </generator>
        </id>
        <one-to-one name="giohang" class="model.Giohang" constrained="true"></one-to-one>
        <many-to-one name="khachhang" class="model.Khachhang" fetch="select">
            <column name="sdt" length="10" not-null="true" />
        </many-to-one>
        <property name="ngaydat" type="timestamp">
            <column name="ngaydat" length="19" not-null="true" />
        </property>
        <property name="trigia" type="double">
            <column name="trigia" precision="22" scale="0" not-null="true" />
        </property>
        <property name="diachinhanhang" type="string">
            <column name="diachinhanhang" not-null="true" />
        </property>
        <set name="chitiethoadons" table="chitiethoadon" inverse="true" lazy="true" fetch="select">
            <key>
                <column name="mahoadon" length="10" not-null="true" unique="true" />
            </key>
            <one-to-many class="model.Chitiethoadon" />
        </set>
    </class>
</hibernate-mapping>
