<?xml version="1.0"?>
<!DOCTYPE hibernate-mapping PUBLIC "-//Hibernate/Hibernate Mapping DTD 3.0//EN"
"http://www.hibernate.org/dtd/hibernate-mapping-3.0.dtd">
<!-- Generated Apr 5, 2019 9:58:49 AM by Hibernate Tools 4.3.1 -->
<hibernate-mapping>
    <class name="model.Khachhang" table="khachhang" catalog="quan_ly_tui_xach" optimistic-lock="version">
        <id name="sdt" type="string">
            <column name="sdt" length="10" />
            <generator class="assigned" />
        </id>
        <property name="tenkh" type="string">
            <column name="tenkh" length="50" not-null="true" />
        </property>
        <property name="diachi" type="string">
            <column name="diachi" not-null="true" />
        </property>
        <property name="matkhau" type="string">
            <column name="matkhau" length="32" not-null="true" />
        </property>
        <property name="kieu" type="string">
            <column name="kieu" length="5" />
        </property>
        <set name="giohangs" table="giohang" inverse="true" lazy="true" fetch="select">
            <key>
                <column name="sdt" length="10" not-null="true" />
            </key>
            <one-to-many class="model.Giohang" />
        </set>
        <set name="hoadons" table="hoadon" inverse="true" lazy="true" fetch="select">
            <key>
                <column name="sdt" length="10" not-null="true" />
            </key>
            <one-to-many class="model.Hoadon" />
        </set>
    </class>
</hibernate-mapping>
