<?xml version="1.0"?>
<!DOCTYPE hibernate-mapping PUBLIC "-//Hibernate/Hibernate Mapping DTD 3.0//EN"
"http://www.hibernate.org/dtd/hibernate-mapping-3.0.dtd">
<!-- Generated Apr 5, 2019 9:58:49 AM by Hibernate Tools 4.3.1 -->
<hibernate-mapping>
    <class name="model.Nhacungcap" table="nhacungcap" catalog="quan_ly_tui_xach" optimistic-lock="version">
        <id name="manhacungcap" type="string">
            <column name="manhacungcap" length="10" />
            <generator class="assigned" />
        </id>
        <property name="tennhacungcap" type="string">
            <column name="tennhacungcap" length="50" not-null="true" />
        </property>
        <property name="diachi" type="string">
            <column name="diachi" not-null="true" />
        </property>
        <property name="daidien" type="string">
            <column name="daidien" length="50" not-null="true" />
        </property>
        <set name="tuixaches" table="tuixach" inverse="true" lazy="true" fetch="select">
            <key>
                <column name="manhacungcap" length="10" not-null="true" />
            </key>
            <one-to-many class="model.Tuixach" />
        </set>
    </class>
</hibernate-mapping>
