<?xml version="1.0"?>
<!DOCTYPE hibernate-mapping PUBLIC "-//Hibernate/Hibernate Mapping DTD 3.0//EN"
"http://www.hibernate.org/dtd/hibernate-mapping-3.0.dtd">
<!-- Generated Apr 5, 2019 9:58:49 AM by Hibernate Tools 4.3.1 -->
<hibernate-mapping>
    <class name="model.Thongtintuixach" table="thongtintuixach" catalog="quan_ly_tui_xach" optimistic-lock="version">
        <id name="matuixach" type="string">
            <column name="matuixach" length="10" />
            <generator class="foreign">
                <param name="property">tuixach</param>
            </generator>
        </id>
        <one-to-one name="tuixach" class="model.Tuixach" constrained="true"></one-to-one>
        <property name="mau" type="string">
            <column name="mau" length="25" not-null="true" />
        </property>
        <property name="chatlieu" type="string">
            <column name="chatlieu" length="25" not-null="true" />
        </property>
        <property name="baohanh" type="int">
            <column name="baohanh" not-null="true" />
        </property>
        <property name="mota" type="string">
            <column name="mota" not-null="true" />
        </property>
    </class>
</hibernate-mapping>
