<?xml version="1.0"?>
<!DOCTYPE hibernate-mapping PUBLIC "-//Hibernate/Hibernate Mapping DTD 3.0//EN"
"http://www.hibernate.org/dtd/hibernate-mapping-3.0.dtd">
<!-- Generated Apr 5, 2019 9:58:49 AM by Hibernate Tools 4.3.1 -->
<hibernate-mapping>
    <class name="model.Tuixach" table="tuixach" catalog="quan_ly_tui_xach" optimistic-lock="version">
        <id name="matuixach" type="string">
            <column name="matuixach" length="10" />
            <generator class="assigned" />
        </id>
        <many-to-one name="nhacungcap" class="model.Nhacungcap" fetch="select">
            <column name="manhacungcap" length="10" not-null="true" />
        </many-to-one>
        <property name="img" type="string">
            <column name="img" length="65535" />
        </property>
        <property name="dongia" type="double">
            <column name="dongia" precision="22" scale="0" not-null="true" />
        </property>
        <property name="slTon" type="int">
            <column name="sl_ton" not-null="true" />
        </property>
        <one-to-one name="thongtintuixach" class="model.Thongtintuixach"></one-to-one>
        <set name="chitiethoadons" table="chitiethoadon" inverse="true" lazy="true" fetch="select">
            <key>
                <column name="matuixach" length="10" not-null="true" unique="true" />
            </key>
            <one-to-many class="model.Chitiethoadon" />
        </set>
        <set name="giohangs" table="giohang" inverse="true" lazy="true" fetch="select">
            <key>
                <column name="matuixach" length="10" not-null="true" />
            </key>
            <one-to-many class="model.Giohang" />
        </set>
    </class>
</hibernate-mapping>
