<?xml version='1.0' encoding='UTF-8' ?>
<!-- was: <?xml version="1.0" encoding="UTF-8"?> -->
<beans xmlns="http://www.springframework.org/schema/beans"
       xmlns:xsi="http://www.w3.org/2001/XMLSchema-instance"
       xmlns:p="http://www.springframework.org/schema/p"
       xmlns:aop="http://www.springframework.org/schema/aop"
       xmlns:tx="http://www.springframework.org/schema/tx"
       xsi:schemaLocation="http://www.springframework.org/schema/beans 
                           http://www.springframework.org/schema/beans/spring-beans-4.0.xsd
                           http://www.springframework.org/schema/aop 
                           http://www.springframework.org/schema/aop/spring-aop-4.0.xsd
                           http://www.springframework.org/schema/tx 
                           http://www.springframework.org/schema/tx/spring-tx-4.0.xsd
                           
                          
                           http://www.springframework.org/schema/mvc 
                           http://www.springframework.org/schema/mvc/spring-mvc.xsd
                           http://www.springframework.org/schema/context 
                           http://www.springframework.org/schema/context/spring-context.xsd"
                           
                           
       xmlns:mvc="http://www.springframework.org/schema/mvc"
       xmlns:context="http://www.springframework.org/schema/context"                  

>

    <bean class="org.springframework.web.servlet.mvc.support.ControllerClassNameHandlerMapping"/>
    <bean class="controller.LoginController" id="LogKey"/>
    <bean class="controller.HomeController" id="HomeKey"/>
    <bean class="controller.ContactController" id="ConKey"/>
    <bean class="controller.OtherContactController" id="OtherConKey"/>
    <bean class="controller.AdminController" id="AdminKey"/>
    <bean class="controller.BagController" id="BagKey"/>
    <bean class="controller.CustomerController" id="CustomerKey"/>
    <bean class="controller.SupplierController" id="SupplierKey"/>
    <bean class="controller.InvoiceController" id="InvoiceKey"/>
    <bean class="controller.ShowSupplierForm" id="ShowSupFormKey"/>
    <bean class="controller.InsertSupplier" id="InsertSup"/>
    
        
    
    <bean id="urlMapping" class="org.springframework.web.servlet.handler.SimpleUrlHandlerMapping">
        <property name="mappings">
            <props>
                <prop key="index.htm">indexController</prop>
                <prop key="login.htm">LogKey</prop>
                <prop key="home.htm">HomeKey</prop>
                <prop key="contact.htm">ConKey</prop>
                <prop key="otherContact.htm">OtherConKey</prop>
                <prop key="admin.htm">AdminKey</prop>
                <prop key="quan-ly-tui-xach.htm">BagKey</prop>
                <prop key="quan-ly-khach-hang.htm">CustomerKey</prop>
                <prop key="quan-ly-nha-cung-cap.htm">SupplierKey</prop>
                <prop key="quan-ly-hoa-don.htm">InvoiceKey</prop>
                <prop key="form-them-nha-cung-cap.htm">ShowSupFormKey</prop>
                <prop key="insert-Supplier.htm">InsertSup</prop>
            </props>
        </property>
    </bean>

    <bean id="viewResolver"
          class="org.springframework.web.servlet.view.InternalResourceViewResolver"
          p:prefix="/WEB-INF/jsp/"
          p:suffix=".jsp" />

    <!--
    The index controller.
    -->
    <bean name="indexController"
          class="org.springframework.web.servlet.mvc.ParameterizableViewController"
          p:viewName="index" />
          
    
</beans>
